fb_ad_url,shop_url,title
https://www.facebook.com/1439886589637552/videos/398057787295700/,https://theviralgadgets.com/products/360-rotating-make-up-organizer,360 Rotating Make Up Organizer
https://www.facebook.com/1439886589637552/videos/583957271936484/,https://theviralgadgets.com/products/guitar-interface-converter,Guitar Interface Converter
https://www.facebook.com/shopfocallure/videos/10215199136841698/,https://shopfocallure.com/products/7-colors-led-facial-mask-your-at-home-skin-photon-therapy,7 Colors LED Facial Mask - Your At-Home Skin Photon Therapy
https://www.facebook.com/generalstoreclub/videos/10155774289980926/,https://generalstoreclub.com/products/magic-measure-spoon,Miracle Measure Spoon
https://www.facebook.com/myvisiontags/videos/10214868722969972/,https://www.visiontags.com/products/back-massage-stretcher,Back Massage Stretcher
https://www.facebook.com/1920153468252608/videos/895330293975137/,https://gustogalore.com/products/neck-hanging-smartphone-holder,Neck Hanging Smartphone Holder
https://www.facebook.com/dailyfastdeals/videos/2061483324080515/,https://dailyfastdeals.com/products/all-in-1-film-slide-scanner,All-In-1 Film & Slide Scanner
https://www.facebook.com/careforpetscentre/videos/10155061798589147/,https://sugarthyme.com/products/2-in-1-pet-hair-trimmer-and-nail-grinder-for-cats-and-dogs,Hair Trimmer and Nail Grinder for Cats and Dogs
https://www.facebook.com/169274980237791/videos/10157147613439012/,https://www.aenyx.com/products/deluxe-3-in-1-clean-hands-changing-pad,DELUXE 3-in-1 Clean Hands Changing Pad
https://www.facebook.com/464473340570102/videos/1368754869900241/,https://hootcodeals.com/products/health-beauty-full-body-vacuum-anti-cellulite-device-therapy-treatment-massage-make-up?variant=6569568731164,ANTI-CELLULITE VACUUM ROLLER FAT SUCKER
https://www.facebook.com/badassbaby.co/videos/1730862843643600/,https://badassbaby.co/products/frisbeeball,Magic UFO - FrisBall
https://www.facebook.com/faradayscienceshop/videos/10156769790984202/,https://faradayscienceshop.com/collections/van-go-paint-by-number-kits?t=fb,Drawing Painting By Numbers Kits
https://www.facebook.com/433713080393580/videos/151094069007195/,https://ledhingelights.com/products/set-of-10-led-hinge-lights,SET OF 10 LED HINGE LIGHTS
https://www.facebook.com/badassbaby.co/videos/p.10155939727434462/10155939727434462/?type=2&theater,https://badassbaby.co/products/starfish-sleeping-bag,StarFish Wearable Sleeping Bag!
https://www.facebook.com/1439886589637552/videos/1589265031149232/,https://theviralgadgets.com/products/portable-gravity-feed-sandblasting-gun,Portable Gravity Feed Sandblasting Gun
https://www.facebook.com/1439886589637552/videos/342629136220789/,https://theviralgadgets.com/products/garlic-cuber,Garlic Cuber
https://www.facebook.com/460494497638643/photos/p.558661291155296/558661291155296/?type=3&theater,https://amazingcurios.com/products/princess-mononokes-glowing-kodama-friends-5-kodamas-set,Princess Mononoke's Glowing Kodama Friends
https://www.facebook.com/1439886589637552/videos/345529285930774/,https://theviralgadgets.com/products/electric-stainless-grinder,Electric Stainless Grinder
https://www.facebook.com/JungleVT/videos/732200533619299/,https://www.dearhobbies.com/collections/other/products/the-toilet-game,Potty Putter Toilet Putting Mat Golf Game for Bathroom
https://www.facebook.com/289725281429887/videos/415559432179804/,https://colimashop.com/products/natural-pearl-necklace,MAKE A WISH NECKLACE WITH SURPRISE PEARL (100% REAL NATURAL PEARLS)
https://www.facebook.com/EveryHomeMustHave/videos/1130284910440952/,https://tomorrowstuff.com/products/12-in-1-magic-slicer,12 in 1 Magic Slicer
https://www.facebook.com/545393665796549/videos/555263724809543/,https://shopitoutlet.com/products/endoscope-ear-pick,USB Endoscope Ear Pick
https://www.facebook.com/460494497638643/videos/10157081219499012/,https://amazingcurios.com/products/tennis-trainer,Tennis Trainer
https://www.facebook.com/1439886589637552/videos/394073414360804/,https://theviralgadgets.com/products/bottle-tops,Bottle Tops
https://www.facebook.com/1389438947831826/videos/10155993039254640/,https://sales.xsdeluxe.shop/instant/freestuff/,INSTANT FOOD CHOPPER
https://www.facebook.com/289725281429887/videos/442244002844680/,https://colimashop.com/products/baby-sleep-bag,BABY SLEEP BAG
https://www.facebook.com/sickstuffshop/videos/1997144120531300/,https://sickstuff.co/products/boxing-speedball,Boxing Speedball
https://www.facebook.com/geekyget/photos/p.2015838338664715/2015838338664715/?type=3&theater,https://geekyget.com/products/bird-self-watering-globe,Bird Self Watering Globe
https://www.facebook.com/pillowbread/videos/p.10156197630865942/10156197630865942/?type=2&theater,https://pillowbread.com/products/watch-repair-kit,Watch Repair Kit
https://www.facebook.com/1439886589637552/videos/346088695874833/,https://theviralgadgets.com/products/flying-insects-bug-a-salt-gun,Flying Insects Bug-A-Salt Gun
https://www.facebook.com/JAN8LLC/videos/1752745791683709/,https://janeight.com/products/angry-mama,Angry Mama Microwave Steam Cleaner
https://www.facebook.com/PlutoDeals/photos/p.811021235735979/811021235735979/?type=3&theater,https://plutodeals.com/products/lunchbox?variant=125264887813,Leak-Proof Stainless Steel Thermal Lunch Boxs
https://www.facebook.com/MyLiveMyDog/videos/863040407210542/,https://kaboodleworld.com/products/high-quality-warm-sleeping-fleece-bag-bed?variant=349329227777,Warm Sleeping Fleece Dog Bed
https://www.facebook.com/1765599937039714/videos/1366550593453621/,https://wiki-store.com/collections/house/products/magic-gun-bag,Magic Gun Bag
https://www.facebook.com/1439886589637552/videos/340485119768524/,https://theviralgadgets.com/products/1080p-wifi-dvr-dash-cam,1080P WiFi DVR Dash Cam
https://www.facebook.com/1439886589637552/videos/298539450641444/,https://theviralgadgets.com/products/copper-compression-therapy-hand-gloves,Copper Compression Therapy Hand Gloves
https://www.facebook.com/PetClever/videos/p.392471691170662/392471691170662/?type=2&theater,https://petclever.net/products/exercise-toy?variant=11252671429,For All The Cats Who Love Mice
https://www.facebook.com/169274980237791/videos/10157071667374012/,https://www.aenyx.com/products/magic-cosmetic-travel-pouch,Magic Cosmetic Travel Pouch
https://www.facebook.com/ElectroShoppingz/videos/814265435422385/,https://electroshoppingz.com/collections/high-power-laser-pointer/products/super-elastic-night-vision-goggles,SUPER NIGHT VISION GOGGLES
https://www.facebook.com/LearnKitchenHacks/videos/153518278746294/,https://www.straydeal.com/products/adjustable-dishwasher-connector-set-4pcs?utm_source=fb&utm_campaign=t_v2_2,stemware Saver Flexible Dishwasher
https://www.facebook.com/benicest/videos/1983948201819295/,https://nicest-deals.com/products/easy-paint-roller,EASY PAINT ROLLER
https://www.facebook.com/HairLoversBS/videos/1820938611537745/,https://mandalatribe.com/collections/home-kitchen/products/bracelet-hip-flask,Bracelet Hip Flask
https://www.facebook.com/lurecenter/videos/345396799216309/,https://lurecenter.com/lifelike-fishing-swimbait-8-segments-135cm/,Lifelike Swimbait 6 Colors -SB135
https://www.facebook.com/125480724653633/videos/1552697698086160/,https://www.creativelivestore.com/products/anti-gravity-case-for-iphone-samsung-phones,Anti-Gravity Case For iPhone & Samsung Phones
https://www.facebook.com/myvisiontags/videos/10214739241013004/,https://www.visiontags.com/products/pictures-hanging-tool,Pictures Hanging Tool
https://www.facebook.com/CiaoDeals/videos/p.1776650512407236/1776650512407236/?type=2&theater,https://www.ciaodeals.com/products/cat-face-massager?utm_source=facebook&utm_medium=cpc&utm_campaign=cat-face-massanger,Cat Face Massager
https://www.facebook.com/1389438947831826/videos/10155993154249640/,https://sales.xsdeluxe.shop/wrap/free/,REUSABLE FOOD WRAP
https://www.facebook.com/DealzoftheMonth/videos/317212242092204/,https://dealzofthemonth.com/products/adjustable-top-fitness-sports-bra-top-sale-70-off-regular-price,Ultimate Adjustable Sports Bra
https://www.facebook.com/BeautyStudio.KeliNetwork/videos/412257349191268/,https://www.hunkymonkey.eu/products/polish-bottle-holder,Nail Polish Bottle Holder
https://www.facebook.com/odditymall/videos/1562375330514998/,http://odditymall.com/heat-changing-rainbow-unicorn-mug,Color Changing Rainbow Unicorn Mug
https://www.facebook.com/259863631202178/videos/10157035875924012/,https://decreeofman.com/products/power-uv-nail-gel,Quick Dry UV Nail Gel
https://www.facebook.com/prestigify/videos/10154846638081205/,https://prestigify.com/products/sta-metallic-markers-10-vibrant-colors?variant=1195488051225,STA Metallic Markers - 10 Vibrant Colors
https://www.facebook.com/happyhomecollective/videos/10157092165072575/,https://happyhomecollective.com/products/happyhome-handheld-steamer,HappyHome Handheld Steamer
https://www.facebook.com/169274980237791/videos/10156997302714012/,https://www.aenyx.com/products/foot-massage-mat,Foot Massage Mat
https://www.facebook.com/Backpackergadgets/videos/10155348112677515/,https://backpackeronthemove.com/product/steampunk-goggles,Steampunk Biker Goggles
https://www.facebook.com/StuffNice/videos/10213584849031451/,https://www.stuffnice.com/products/electronics-organizer,ELECTRONICS ACCESSORIES ORGANIZER
https://www.facebook.com/Ritedealsstore/videos/157714558311299/,https://ritedeals.com/products/durable-furniture-carrier-system-with-lifter-tool,Easy Furniture Lifter Tool
https://www.facebook.com/Prime4Choice/videos/502807670099884/,https://prime4choice.com/products/eyelash-stapler?utm_source=facebook&utm_medium=GYPE&utm_campaign=PC-JMDSJ,Eyelash Stapler
https://www.facebook.com/1726618500885883/videos/2122781014602961/,https://fanbaseshophero.com/products/harry-potter-theme-wooden-music-box-45-off,Harry Potter Wooden Music Box
https://www.facebook.com/odditymall/videos/1552475884838276/,http://odditymall.com/desktop-punching-bag,Desktop suction cup punching bag
https://www.facebook.com/oskarhahnco/videos/148112592464718/,https://oskarhahn.com/products/pocket-phone-microscope-100x?variant=2160655564828,SMART PHONE MICROSCOPE 100X
https://www.facebook.com/EveryHomeMustHave/videos/960523014102796/,https://tomorrowstuff.com/products/professional-automatic-hair-curler,PROFESSIONAL AUTOMATIC HAIR CURLER
https://www.facebook.com/yntnow/videos/10214858852096031/,https://yntnow.com/products/mousey-finger-optical-mouse,Mousey - Finger Optical Mouse
https://www.facebook.com/LoveLivingChic/videos/103945057063137/,https://www.lovelivingchic.com/products/toss-it-bottle-cap-stand-kit,Toss It Bottle Cap Stand Kit (6PCs)
https://www.facebook.com/badassbaby.co/videos/125760218211579/,https://badassbaby.co/products/smart-gps-kids-safety-watch,Smart GPS - Kids Safety Watch
https://www.facebook.com/trendingvip/videos/141280099979439/,https://www.trendingvip.com/products/tile-gap-refill-agent,Tile Gap Refill Agent
https://www.facebook.com/pillowbread/videos/10156143624165942/,https://pillowbread.com/products/furysaw,FurySaw
https://www.facebook.com/169274980237791/videos/10157043133284012/,https://www.aenyx.com/products/clever-cutter-2-in-1-cutting-board-and-knife-scissors,Clever Cutter 2 In 1 Cutting Board And Knife Scissors
https://www.facebook.com/BohoChicVIbes/videos/152057912068474/,https://www.glmbuy.com/products/vintage-fashion-womens-tote-bag,VINTAGE BOHO FASHION WOMEN'S TOTE BAG
https://www.facebook.com/graulystore/videos/274415326374027/,https://grauly.com/products/easyout,EASYOUT - DAMAGED SCREW EXTRACTOR (4PCS)
https://www.facebook.com/263381994137032/videos/10155137175363870/,https://www.maketrendy.com/collections/mobile-accessories/products/flexible-mount-holder?variant=5626915651612,Flexible Mount Holder
https://www.facebook.com/BestVidsOfficial/videos/10155934157712929/,https://midnightazure.com/products/silicone-bathroom-organizer,Silicone Bathroom Organizer
https://www.facebook.com/1439886589637552/videos/375815229519956/,https://theviralgadgets.com/products/multi-tool-adjustable-wrench,Multi-tool Adjustable Wrench
https://www.facebook.com/277651619387886/videos/185616652035248/,https://www.sheswish.com/products/waterproof-bluetooth-speaker,Waterproof Bluetooth Speaker
https://www.facebook.com/graulystore/videos/317120415436851/,https://grauly.com/products/easysquare,EASYSQUARE - SQUARE HOLE MORTISER DRILL BIT
https://www.facebook.com/1439886589637552/videos/573309513001260/,https://theviralgadgets.com/products/dual-digital-battery-charger,Dual Digital Battery Charger
https://www.facebook.com/259863631202178/videos/10156968442149012/,https://decreeofman.com/products/dawson-the-dog-car-transformer,Dawson the Dog Car Transformer
https://www.facebook.com/dailyfastdeals/videos/2043884749173706/,https://dailyfastdeals.com/products/electric-fat-burning-body-massage-roller,Electric Fat-Burning Body Massage Roller
https://www.facebook.com/coolflashdealstore/videos/189172298322245/,https://coolflashdeal.com/products/gyro-spinner-cellphon,Spinner Mini Cellphone
https://www.facebook.com/1439886589637552/videos/p.10215114426482983/10215114426482983/?type=2&theater,https://theviralgadgets.com/products/night-vision-mini-hd-camcorder,Night Vision Mini HD Camcorder
https://www.facebook.com/464473340570102/videos/1355753927867002/,https://hootcodeals.com/products/riri-won-smd-rgb-led-strip-light-5050-2835-10m-5m-led-light-rgb-leds-tape-diode-ribbon-flexible-controller-dc-12v-adapter-set,LED STRIP LIGHTS KIT WITH 44 KEY REMOTE CONTROLLER
https://www.facebook.com/pillowbread/videos/10156127219375942/,https://pillowbread.com/products/drillerrivet,DrillerRIVET™
https://www.facebook.com/289725281429887/videos/433682110367536/,https://colimashop.com/products/beard-apron,BEARD CARE CLEAN
https://www.facebook.com/trendingvip/videos/136731160434333/,https://www.trendingvip.com/products/bloom-multi-purpose-lid-cover-and-spill-stopper,Bloom Multi-Purpose Lid Cover and Spill Stopper
https://www.facebook.com/careforpetscentre/videos/10214959961812336/,https://sugarthyme.com/products/sofa-reversible-slipcover-furniture-protector,Sofa Reversible Slipcover Furniture Protector
https://www.facebook.com/1439886589637552/videos/570686453263566/,https://theviralgadgets.com/products/mini-car-air-paints,Mini Car Air Paint
https://www.facebook.com/odditymall/videos/1549244001828131/,http://odditymall.com/naomi-spring-pull-back-nutcracker,Spring Nut Cracker
https://www.facebook.com/910955129053876/videos/1712870068737030/,https://theteescene.com/products/the-boyfriend-pillow,The Boyfriend Pillow
https://www.facebook.com/1476667082418319/videos/10214570261753895/,https://zocodeals.com/products/corn-stripper,Sweet Corn Stripper
https://www.facebook.com/myvisiontags/videos/10214469075739041/,https://www.visiontags.com/products/whisky-iceball-maker,Whisky Iceball Maker
https://www.facebook.com/dtcreativestore/videos/2003917673217213/,https://www.dtcreativestore.com/products/amenitee-universal-socket-multi-function-universal-sockets,"Universal Socket, Multi-function Universal Sockets"
https://www.facebook.com/915545428609416/videos/130079690994467/,https://coolproductstore.com/products/awesome-12v-winter-car-seat-warmer,AWESOME 12V WINTER CAR SEAT WARMER
https://www.facebook.com/177440479447893/videos/1448705195243521/,https://shopping-gem.myshopify.com/products/magnetic-levitating-floating-plant-pot-free-shipping,MAGNETIC LEVITATING FLOATING PLANT POT
https://www.facebook.com/1439886589637552/videos/298914353944089/,https://theviralgadgets.com/products/micro-hd-video-camera,Micro HD Video Camera
https://www.facebook.com/1897176660535574/videos/1919601574959749/,https://dealswithzeal.com/collections/items/products/winevault-vacuum-sealed-combination-lock,WineVault Combination Lock
https://www.facebook.com/dtcreativestore/videos/1970258162999150/,https://www.dtcreativestore.com/products/amenitee-smart-compact-pocket-key-holder-and-keychain,Smart Compact Pocket Key Holder and Keychain
https://www.facebook.com/americanlegendrider/videos/10214568308422504/,https://americanlegendrider.com/products/leg-bag,High Quality Leg Bag
https://www.facebook.com/inspireuplift/photos/a.1479269365698136.1073741832.1460057804285959/1844985422459860/?type=3&theater,https://www.inspireuplift.com/collections/home/products/super-chunky-knit-blanket?variant=455099023371,Handmade Chunky Knit Blanket
https://www.facebook.com/871182479713224/videos/295195477666743/,https://wishaddict.com/products/neverspill-bpa-free-magic-mug-50-off-today,NeverSpill® Magic Mug
https://www.facebook.com/theBescoop/videos/10154752928056504/,https://bescoop.com/products/baby-teething-mitten,Baby Teething Mitten
https://www.facebook.com/1439886589637552/videos/10214966951396198/,https://theviralgadgets.com/products/meat-maximizer,Meat Maximizer
https://www.facebook.com/dailyfastdeals/videos/1968096763205812/,https://dailyfastdeals.com/products/portable-automatic-cable-winder,Portable Automatic Cable Winder
https://www.facebook.com/1439886589637552/videos/563068734025338/,https://theviralgadgets.com/products/multifunctional-coaxial-cable-cutter,Multifunctional Coaxial Cable Cutter
https://www.facebook.com/9gifts.net/videos/302246726936789/,https://9gifts.net/products/flashing-roller-shoes,Flashing Roller Shoes
https://www.facebook.com/1439886589637552/videos/1931528293802346/,https://theviralgadgets.com/products/the-minimalist-wallet,The Minimalist Wallet
https://www.facebook.com/FreakyPet/videos/1954946554725952/,https://www.freakypet.com/products/cheeky-cat-butt-messenger-bag,CHEEKY CAT BUTT MESSENGER BAG
https://www.facebook.com/1439886589637552/videos/291627438006114/,https://theviralgadgets.com/products/digital-shower-thermometer,Digital Shower Thermometer
https://www.facebook.com/trendingvip/videos/10155745960374840/,https://www.trendingvip.com/products/premium-glow-in-the-dark-led-dog-safety-collar,Premium Glow In The Dark LED Dog Safety Collar
https://www.facebook.com/1439886589637552/videos/295846924244030/,https://theviralgadgets.com/products/led-flame-effect-light-bulb,LED Flame Effect Light Bulb
https://www.facebook.com/1439886589637552/videos/374015413033271/,https://theviralgadgets.com/products/paintless-dent-repair-kit,Paintless Dent Repair Kit
https://www.facebook.com/726118174195454/videos/1878824805465661/,https://www.supershopstop.com/products/glowing-ice-cubes,Glowing Ice Cubes
https://www.facebook.com/trendingvip/videos/10155748821879840/,https://www.trendingvip.com/products/anti-slip-mat,Anti Slip Mat
https://www.facebook.com/169274980237791/videos/10156951336934012/,https://www.aenyx.com/products/gudetama-vomiting-egg-toy,Gudetama Vomiting Egg Toy
https://www.facebook.com/trendingvip/videos/321547901647584/,https://www.trendingvip.com/products/car-anti-slip-phone-clip-holder,Car Anti-slip Phone Clip Holder
https://www.facebook.com/badassbaby.co/photos/p.568512570146510/568512570146510/?type=3&theater,https://badassbaby.co/products/bb-baby-piano-music-playmat,Baby Piano Music Playmat
https://www.facebook.com/1439886589637552/videos/288941671608024/,https://theviralgadgets.com/products/air-drummer-toy,Air Drummer Toy
https://www.facebook.com/1439886589637552/videos/296289547533101/,https://theviralgadgets.com/products/fast-wireless-charging-with-bluetooth-speaker2,Fast Wireless Charging with Bluetooth Speaker
https://www.facebook.com/1923533441192384/videos/751148471721598/,https://www.littleplayland.com/products/automatic-rolling-ball?variant=40086691920,Automatic Rolling ball
https://www.facebook.com/iamunicornlady/videos/1741990862784080/,https://wellpick.com/products/be-real-unicorn-hat,'Be Real Unicorn' Hat
https://www.facebook.com/926217037533524/videos/1385902251518455/,https://wiki-store.com/collections/toys/products/surprise-monkey,SURPRISING MONKEY
https://www.facebook.com/berrystockshop/videos/849390298561454/,https://www.berrystock.com/collections/baby-essentials/products/baby-toilet-trainer-seat?variant=4550638174238,BABY TOILET TRAINER SEAT
https://www.facebook.com/bachelorhut/videos/1470830192988431/,https://www.buyshopdeals.com/products/multipurpose-gadget-tool,Multipurpose Gadget Tool
https://www.facebook.com/IOSFlashDrive/videos/150442032237977/,https://iosflashdrive.com/products/ios-flash-drive?variant=20674270086,IOS FLASH DRIVE 64GB
https://www.facebook.com/dtcreativestore/videos/1955080004772358/,https://www.dtcreativestore.com/products/amenitee-anti-gravity-paint-kit-no-drips,Anti-Gravity Paint Kit
https://www.facebook.com/169274980237791/videos/10156919050229012/,https://www.aenyx.com/products/tamagotchi-pets-90s-nostalgic-toy,Tamagotchi Pets - 90's Nostalgic Toy
https://www.facebook.com/carthrottle/videos/1929779327260294/,https://shop.carthrottle.com/products/turbo-air-freshener,Spinning Turbo Air Freshener
https://www.facebook.com/1439886589637552/videos/277759612726230/,https://theviralgadgets.com/products/monocular-night-vision-phone-camera-lens,Monocular Night Vision Phone Camera Lens
https://www.facebook.com/1439886589637552/videos/373646689736810/,https://theviralgadgets.com/products/guitar-capo-with-built-in-tuner,Guitar Capo with Built-in Tuner
https://www.facebook.com/1247212648682969/videos/10213808198501274/,https://obevy.com/products/limited-edition-zevo-9x-led,Zevo 9P - Bicycle LED Wheel Lights
https://www.facebook.com/325527331223834/videos/330590060717561/,https://amusingprints.com/products/edenware-spice-rack-and-stackable-shelf,SPICE RACK AND STACKABLE SHELF
https://www.facebook.com/trendingvip/videos/10208288596291556/,https://www.trendingvip.com/products/portable-fire-starter,Portable Fire Starter
https://www.facebook.com/StuffNice/videos/10214654970596089/,https://www.stuffnice.com/products/alphabet-wax-seal-set?variant=57951542027,ALPHABET WAX SEAL SET
https://www.facebook.com/Backpackergadgets/videos/10155241746677515/,https://backpackeronthemove.com/product/trace,LED Artist Tracing Table
https://www.facebook.com/mykittenmakesmehappy/videos/1440411252747271/,https://atomdealstore.com/products/hectech-premium-automatic-bug-cat-toy,Automatic Bug Cat Toy
https://www.facebook.com/LearnArtOfParenting/videos/1390594247706546/,https://www.straydeal.com/products/thinkmud-magnetic-slime?utm_source=fb&utm_campaign=ms3,THINKMUD™ MAGNETIC SLIME
https://www.facebook.com/1439886589637552/videos/10214933584722052/,https://theviralgadgets.com/products/cookie-design-usb-cup-warmer,USB-POWERED UK Mat Cup Warmer
https://www.facebook.com/dailyfastdeals/videos/1929858793696276/,https://dailyfastdeals.com/products/make-any-speaker-wireless-sale,Bluetooth Speaker converter
https://www.facebook.com/odditymall/videos/1521004807985384/,http://odditymall.com/dog-butt-toilet-paper-holder,Dog Butt Toilet Paper Dispenser
https://www.facebook.com/dtcreativestore/videos/897927387042905/,https://www.dtcreativestore.com/products/amenitee-2017-new-faucet-and-sink-installer-orange,"New Faucet and Sink Installer, Orange"
https://www.facebook.com/Zootzi/videos/1471914802862174/,https://zootzi.com/products/the-shoestack?utm_source=facebook&utm_campaign=GUFF,Double Smart Shoe Organizer
https://www.facebook.com/ilovecatscat/videos/1505422346161795/,https://whatnowdeals.com/products/easycat-mouse,EasyCat Motion Mouse
https://www.facebook.com/churchillapparel/videos/291397664691583/,https://shopchurchill.co/products/verne-the-skeleton-watch?t=fb&variant=35950268744,Watch Men Military Sport Skeleton
https://www.facebook.com/zedmotion/videos/1922185838002918/,https://zedmotion.com/products/zedmotion-dolly-slider-11-magic-arm,"Dolly Slider + 11"" Magic Arm"
https://www.facebook.com/416547612073868/videos/10155828752703331/,https://whatdafreak.com/products/smart-body-motion-sensor-led,Smart Body Motion Sensor LED
https://www.facebook.com/1439886589637552/videos/269120383590153/,https://theviralgadgets.com/products/flex-tape-rubberized-waterproof-seal,Flex Tape Rubberized Waterproof Seal
https://www.facebook.com/Smartly2/videos/1709781985713397/,https://www.supershopstop.com/products/hover-cover,Hover Cover - Microwave Splatter Cover
https://www.facebook.com/TrendyStoreUSA/videos/479397059106926/,https://nafeesmart.com/collections/gadgets/products/colour-changing-umbrella-when-it-encounters-water,Colour Changing Umbrella When it encounters water
https://www.facebook.com/dailyfastdeals/videos/1947281521954003/,https://dailyfastdeals.com/products/cute-cozy-cat-paw-slippers,CUTE COZY CAT PAW SLIPPERS
https://www.facebook.com/1439886589637552/videos/287658331729556/,https://theviralgadgets.com/products/360-wifi-panoramic-surveillance-camera,360° Wifi Panoramic Surveillance Camera
https://www.facebook.com/124457531549813/videos/284173018739109/,https://toolicorn.com/products/mini-phone-tripod-with-remote,MINI PHONE TRIPOD WITH REMOTE
https://www.facebook.com/TrendyStoreUSA/videos/483123912067574/,https://nafeesmart.com/collections/gadgets/products/wireless-bluetooth-gloves,Wireless Bluetooth Gloves
https://www.facebook.com/eviraltrends/videos/358499807940118/,https://eviraltrends.com/products/huina-toys-excavator-chargeable-rc-car,Excavator Chargeable RC Car Toy
https://www.facebook.com/283940462104256/videos/283943975437238/,https://www.cosmichall.com/products/fast-defrosting-tray-defrost-without-electricity-microwave,Fast Defrosting Tray
https://www.facebook.com/enjoy.science/videos/490097988004750/,https://www.thebeebo.com/,Hands Free Baby Bottle Holder
https://www.facebook.com/luxtekstore/videos/340569173021328/?type=2&theater,https://luxtek.net/products/cf007-smart-fitness-bracelet-tracker-heart-rate-blood-pressure-monitor-passometer-smart-band-watch-wristband-pk-mi-band-2,Waterproof Smart Fitness Bracelet Tracker and Heart Rate Blood Pressure Monitor
https://www.facebook.com/283940462104256/videos/284471068717862/,https://www.cosmichall.com/products/luminous-star-pillow,Luminous Star Pillow
https://www.facebook.com/1817981865084004/videos/2017462598469262/,https://awesomesnag.com/products/rescue-mr-penguin-diner-game,RESCUE MR. PENGUIN DINER GAME
https://www.facebook.com/169274980237791/videos/10156876533159012/,https://www.aenyx.com/products/remote-controlled-cockroach,Remote Controlled Cockroach
https://www.facebook.com/1439886589637552/videos/282081798960678/,https://theviralgadgets.com/products/android-mini-bluetooth-thermal-printer,Android Mini Bluetooth Thermal Printer
https://www.facebook.com/726118174195454/photos/p.987629751377627/987629751377627/?type=3&theater,https://www.supershopstop.com/products/skullicemolds,3D Skull Ice Cube Molds
https://www.facebook.com/luxtekstore/videos/340012899743622/,https://luxtek.net/products/12-in-1-multi-functional-grater-vegetable-cutter-sets-food-container-shredders-slicers-sets-with-stainless-steel-blades-graters,12 in 1 Magic Slicer
https://www.facebook.com/dailyfastdeals/videos/2023758234519691/,https://dailyfastdeals.com/products/luxury-collection-pressed-glitter-palette-1,Luxury collection Pressed glitter palette
https://www.facebook.com/1774145709502737/videos/10159557005905074/,https://www.familyfervor.com/products/grizzly-hook,Survival Grizzly Hook
https://www.facebook.com/GizmoGecko/videos/10155097707422712/,https://www.gizmogecko.com/products/electric-acupuncture-meridian-pen,Electric Acupuncture Pen
https://www.facebook.com/bachelorhut/videos/10211719832126146/,https://www.buyshopdeals.com/products/damaged-screw-extractor-set,Damaged Screw Extractor
https://www.facebook.com/726118174195454/videos/10154646659691915/,https://www.supershopstop.com/products/ringflash,LED Macro Ring Flash For Canon Nikon Olympus
https://www.facebook.com/LearnArtOfParenting/videos/246292472562928/,https://www.straydeal.com/products/fantasy-sleeping-tents?utm_source=fb&utm_campaign=ft1,FANTASY SLEEPING TENTS
https://www.facebook.com/114692325833720/videos/123894211580198/,https://hoppamania.com/products/pocket-diamond-sharpener?variant=45195836547,Pocket Diamond Sharpener
https://www.facebook.com/169274980237791/videos/269562126899352/,https://www.aenyx.com/products/transforming-pet-plushie,Transforming Pet Plushie
https://www.facebook.com/237231486695011/videos/10159553123215074/,https://www.familyfervor.com/products/nose-shaper,Nose Shaper
https://www.facebook.com/dtcreativestore/videos/1925027307522236/,https://www.dtcreativestore.com/products/identity-theft-protection-roller-stamp,Identity Theft Protection Roller Stamp
https://www.facebook.com/325579951248678/videos/144846886130825/,https://www.solarfairyledlight.com/products/laser-fairy-light-projection,Christmas Lights Waterproof Projector
https://www.facebook.com/249554908890766/videos/278246949354895/,https://www.familyfervor.com/products/peek-a-boo-plush-teddybear,Peek a Boo Plush Teddybear
https://www.facebook.com/1874863379465172/videos/2013578658926976/,https://www.gear-hero.com/collections/new-this-week/products/glowflow,GLOW FLOW - LED MASKS
https://www.facebook.com/1817981865084004/videos/1995398834008972/?comment_id=639635156425121&notif_id=1507936900344577&notif_t=comment_mention&ref=notif,https://awesomesnag.com/products/globetrotter-scratch-off-world-map-free-shipping-gift-tube-today-only,SCRATCH OFF WORLD MAP
https://www.facebook.com/1439886589637552/videos/10155698648603276/,https://theviralgadgets.com/products/pocket-guitar-1,Portable Pocket 6 Frets Guitar Practice Tool
https://www.facebook.com/112494276042062/videos/10159367654985103/,https://thetodostore.com/products/bluetooth-smart-lock,Bluetooth Smart Lock
https://www.facebook.com/badassbaby.co/videos/10155684546489462/,https://badassbaby.co/products/babytrim-your-baby-automatic-nail-trimmer-pain-free,Electric Baby Nail Trimmer
https://www.facebook.com/GizmoGecko/videos/10155087010767712/,https://www.gizmogecko.com/products/laser-allergy-treatment-kit,Bionase Laser Allergy Treatment Kit
https://www.facebook.com/incredorable/videos/399806773768664/,https://incredorable.com/products/zipped-open-toe-compression-socks,Zipped Open Toe Compression Socks
https://www.facebook.com/726118174195454/videos/10154930141376915/,https://www.supershopstop.com/products/flyingdoll,Flying Fairy Doll
